bar,beat,onset
1,1,3.0285260770975055
2,1,4.358798185941043
3,1,5.773673469387755
4,1,7.075034013605443
5,1,8.45498866213152
6,1,9.875056689342404
7,1,11.285079365079365
8,1,12.675555555555556
9,1,14.04578231292517
10,1,15.421247165532879
11,1,16.801383219954648
12,1,18.182267573696144
13,1,19.591836734693878
