bar,beat,onset
1,1,2.83265306122449
2,1,4.160861678004535
3,1,5.531156462585034
4,1,6.836734693877551
5,1,8.177482993197279
6,1,9.488798185941043
7,1,10.808820861678004
8,1,12.164512471655328
9,1,13.49
10,1,14.8002947845805
11,1,16.136575963718823
12,1,17.446848072562357
13,1,18.773378684807255
14,1,20.138163265306122
15,1,21.429795918367347
16,1,22.76501133786848
17,1,24.111179138321994
