bar,beat,onset
1,1,2.4961451247165534
2,1,6.199727891156463
3,1,9.800861678004535
4,1,13.440816326530612
5,1,17.095691609977326
6,1,20.799365079365078
7,1,24.428730158730158
8,1,28.189024943310656
9,1,31.804081632653062
10,1,35.48823129251701
11,1,39.13068027210884
12,1,42.82920634920635
13,1,46.502426303854875
14,1,50.224761904761905
15,1,53.88417233560091
16,1,57.62641723356009
17,1,61.36403628117914
