bar,beat,onset
1,1,0.6559637188208617
2,1,3.2915192743764172
3,1,5.926893424036281
4,1,8.527301587301586
5,1,11.089297052154196
6,1,13.681292517006803
7,1,16.27138321995465
8,1,18.818072562358278
9,1,21.478458049886623
10,1,24.015238095238097
11,1,26.65013605442177
12,1,29.25455782312925
13,1,31.7872335600907
14,1,34.310090702947846
15,1,36.97197278911565
