bar,beat,onset
1,1,7.200362811791384
2,1,10.891791383219955
3,1,14.78968253968254
4,1,18.561632653061224
5,1,22.22331065759637
6,1,26.024308390022675
7,1,29.764036281179138
8,1,33.44827664399093
9,1,37.420476190476194
10,1,41.23410430839002
11,1,44.95369614512472
12,1,49.38766439909297
