bar,beat,onset
-8,1,0.3831292517006803
-7,1,4.46530612244898
-6,1,8.228571428571428
-5,1,11.730612244897959
-4,1,15.355102040816327
-3,1,18.932698412698414
-2,1,22.50097505668934
-1,1,26.13877551020408
0,1,29.844897959183672
1,1,33.50485260770975
