bar,beat,onset
1,1,4.612244897959184
2,1,7.039297052154195
3,1,9.510204081632653
4,1,11.918684807256236
5,1,14.29689342403628
6,1,16.734353741496598
7,1,19.112539682539683
8,1,21.6
9,1,24.01185941043084
10,1,26.369206349206348
11,1,28.786938775510205
12,1,31.174852607709752
13,1,33.65732426303855
