bar,beat,onset
1,1,6.296190476190477
2,1,9.696145124716553
3,1,13.067210884353742
4,1,16.377732426303854
5,1,19.723492063492063
6,1,23.104104308390024
7,1,26.36625850340136
8,1,29.79437641723356
9,1,33.12326530612245
10,1,36.53659863945578
11,1,39.8918820861678
12,1,43.15816326530612
13,1,46.50333333333333
14,1,49.89968253968254
15,1,53.293083900226755
16,1,62.881632653061224
