bar,beat,onset
1,1,4.675918367346939
2,1,7.254421768707483
3,1,9.68294784580499
4,1,12.071496598639456
5,1,14.517596371882085
6,1,16.946916099773244
7,1,19.36956916099773
8,1,21.767868480725625
9,1,24.215850340136054
10,1,26.681292517006803
11,1,29.039455782312924
12,1,31.463854875283445
13,1,33.91111111111111
