bar,beat,onset
-7,1,4.374444444444444
-6,1,8.186099773242631
-5,1,12.032607709750566
-4,1,15.800022675736962
-3,1,19.53265306122449
-2,1,23.399024943310657
-1,1,27.20140589569161
0,1,30.949319727891158
1,1,34.8
2,1,38.59893424036281
3,1,42.420748299319726
4,1,46.15326530612245
5,1,49.94530612244898
6,1,53.78249433106576
7,1,57.64918367346939
8,1,61.550385487528345
9,1,65.37224489795918
10,1,69.22893424036282
