bar,beat,onset
1,1,1.8140589569160999
2,1,3.100612244897959
3,1,4.3913605442176875
4,1,5.682879818594104
5,1,6.968140589569161
6,1,8.26875283446712
7,1,9.58485260770975
8,1,10.851609977324262
9,1,12.167596371882086
10,1,13.462380952380952
11,1,14.754036281179138
12,1,16.05467120181406
13,1,17.354013605442177
14,1,18.64081632653061
15,1,19.91981859410431
16,1,21.23174603174603
17,1,22.559183673469388
