bar,beat,onset
1,1,3.5062131519274375
2,1,5.211065759637188
3,1,6.933582766439909
4,1,8.65233560090703
5,1,10.34453514739229
6,1,12.051156462585034
7,1,13.766530612244898
8,1,15.467732426303854
9,1,17.170544217687073
10,1,18.848639455782312
11,1,20.532902494331065
12,1,22.227301587301586
13,1,23.87909297052154
14,1,25.547120181405894
15,1,27.190249433106576
16,1,28.848503401360546
17,1,30.54609977324263
