bar,beat,onset
0,1,2.1979591836734693
1,1,3.6047392290249434
2,1,5.059047619047619
3,1,6.564512471655329
4,1,8.044897959183674
5,1,9.543038548752834
6,1,10.978412698412699
7,1,12.412743764172335
8,1,13.793628117913832
9,1,15.23326530612245
10,1,16.682925170068028
11,1,18.112562358276644
12,1,19.553061224489795
13,1,20.987755102040815
14,1,22.443174603174604
15,1,23.906666666666666
16,1,25.31231292517007
17,1,26.79673469387755
18,1,28.237301587301587
19,1,29.70122448979592
