bar,beat,onset
1,1,4.440816326530612
2,1,5.685555555555555
3,1,6.9675283446712015
4,1,8.211156462585034
5,1,9.455124716553287
6,1,10.730521541950113
7,1,11.946666666666667
8,1,13.197641723356009
9,1,14.444671201814058
10,1,15.716689342403628
11,1,16.97249433106576
12,1,18.21920634920635
13,1,19.475351473922903
14,1,20.686643990929706
15,1,21.942857142857143
16,1,23.233650793650792
17,1,24.475351473922903
18,1,25.682312925170066
