bar,beat,onset
0,1,2.306122448979592
1,1,3.726530612244898
2,1,5.103492063492063
3,1,6.403537414965986
4,1,7.70328798185941
5,1,8.998616780045351
6,1,10.272743764172336
7,1,11.541451247165533
8,1,12.884625850340136
9,1,14.148231292517007
10,1,15.432766439909297
11,1,16.707755102040817
12,1,17.985963718820862
13,1,19.24140589569161
14,1,20.534285714285716
