bar,beat,onset
0,1,3.2122448979591836
1,1,4.83358276643991
2,1,6.475374149659864
3,1,8.089659863945577
4,1,9.701678004535147
5,1,11.305351473922903
6,1,12.881768707482994
7,1,14.485351473922902
8,1,16.04417233560091
9,1,17.61233560090703
10,1,19.224172335600908
11,1,20.818866213151928
12,1,22.43219954648526
