bar,beat,onset
1,1,2.5336961451247166
2,1,4.1925850340136055
3,1,5.8611791383219956
4,1,7.520725623582766
5,1,9.162086167800453
6,1,10.858775510204081
7,1,12.489501133786849
8,1,14.111360544217687
9,1,15.798458049886621
10,1,17.448979591836736
11,1,19.108480725623583
12,1,20.777210884353742
13,1,22.436780045351473
14,1,24.09560090702948
15,1,25.755283446712017
16,1,27.39580498866213
17,1,29.082879818594105
