bar,beat,onset
1,1,2.9991156462585034
2,1,4.8316780045351475
3,1,6.664557823129251
4,1,8.55092970521542
5,1,10.380430839002267
6,1,12.265034013605442
7,1,14.128594104308391
8,1,15.992743764172335
9,1,17.881020408163266
10,1,19.69986394557823
11,1,21.555102040816326
12,1,23.40514739229025
13,1,25.244897959183675
