bar,beat,onset
1,1,2.105759637188209
2,1,3.490748299319728
3,1,4.891043083900227
4,1,6.270929705215419
5,1,7.635804988662131
6,1,9.016530612244898
7,1,10.402539682539683
8,1,11.798639455782313
9,1,13.191337868480726
10,1,14.585034013605442
11,1,15.978208616780046
12,1,17.37748299319728
13,1,18.742947845804988
14,1,20.13324263038549
15,1,21.44390022675737
16,1,22.8343537414966
17,1,24.23385487528345
