bar,beat,onset
1,1,3.9837414965986393
2,1,6.406258503401361
3,1,8.788956916099773
4,1,11.211292517006802
5,1,13.608843537414966
6,1,16.056507936507938
7,1,18.45891156462585
8,1,20.861791383219956
9,1,23.2940589569161
10,1,25.66156462585034
11,1,28.084648526077096
12,1,30.512585034013604
13,1,32.95437641723356
14,1,35.357460317460315
15,1,37.74458049886621
16,1,40.147505668934244
17,1,42.569931972789114
