bar,beat,onset
1,1,3.3183673469387753
2,1,4.564897959183673
3,1,5.808163265306122
4,1,7.058979591836735
5,1,8.312040816326531
6,1,9.520453514739229
7,1,10.754399092970521
8,1,12.009614512471655
9,1,13.270113378684806
10,1,14.519727891156462
11,1,15.771383219954648
12,1,17.03092970521542
13,1,18.27845804988662
14,1,19.537823129251702
15,1,20.78548752834467
16,1,22.030068027210884
