bar,beat,onset
0,1,1.477732426303855
1,1,2.7877551020408164
2,1,4.114195011337869
3,1,5.412789115646259
4,1,6.708480725623582
5,1,8.017006802721088
6,1,9.334580498866213
7,1,10.619410430839002
8,1,11.938526077097505
9,1,13.236167800453515
10,1,14.538866213151927
11,1,15.84
12,1,17.114353741496597
13,1,18.434467120181406
14,1,19.75251700680272
15,1,21.066621315192744
16,1,22.351768707482993
17,1,23.67609977324263
