bar,beat,onset
0,1,1.7237414965986395
1,1,3.4469614512471654
2,1,5.08312925170068
3,1,6.70546485260771
4,1,8.354603174603175
5,1,9.928503401360544
6,1,11.603061224489796
7,1,13.289750566893424
8,1,14.930090702947846
9,1,16.49730158730159
10,1,18.13691609977324
11,1,19.77002267573696
12,1,21.41920634920635
13,1,23.059274376417232
