bar,beat,onset
1,1,7.918367346938775
2,1,12.86530612244898
3,1,17.779591836734692
4,1,22.60092970521542
5,1,27.376961451247166
6,1,32.22857142857143
7,1,37.20843537414966
8,1,42.04897959183673
9,1,46.97142857142857
10,1,51.881020408163266
11,1,56.879115646258505
12,1,61.861224489795916
13,1,66.7707029478458
14,1,71.75419501133787
15,1,76.77795918367347
16,1,81.67630385487529
17,1,86.64526077097506
18,1,91.58349206349206
19,1,97.82040816326531
