bar,beat,onset
1,1,3.373106575963719
2,1,6.721360544217687
3,1,10.110181405895691
4,1,13.412086167800453
5,1,16.798072562358275
6,1,20.03934240362812
7,1,23.445124716553288
8,1,26.816326530612244
9,1,30.128639455782313
10,1,33.49104308390023
11,1,36.802517006802724
12,1,40.155102040816324
13,1,43.513401360544215
14,1,46.885714285714286
15,1,50.31068027210885
