bar,beat,onset
1,1,5.261678004535147
2,1,7.307052154195011
3,1,9.387301587301588
4,1,11.467755102040817
5,1,13.576326530612246
6,1,15.7
7,1,17.755102040816325
8,1,19.866213151927436
9,1,21.90222222222222
10,1,23.991972789115646
11,1,26.026780045351472
12,1,28.07873015873016
13,1,30.15281179138322
14,1,32.275736961451244
15,1,34.31328798185941
16,1,36.41328798185941
17,1,38.44272108843538
