bar,beat,onset
-15,1,4.258662131519275
-14,1,6.965850340136054
-13,1,9.73655328798186
-12,1,12.52310657596372
-11,1,15.20938775510204
-10,1,17.944467120181407
-9,1,20.68122448979592
-8,1,23.440544217687076
-7,1,26.076009070294784
-6,1,28.69986394557823
-5,1,31.461632653061226
-4,1,34.11562358276644
-3,1,36.78829931972789
-2,1,39.59002267573696
-1,1,42.283537414965984
0,1,44.96433106575964
1,1,47.640521541950115
