bar,beat,onset
-1,1,1.126530612244898
0,1,4.597596371882086
1,1,8.161836734693878
2,1,11.844648526077098
3,1,15.444897959183674
4,1,19.10233560090703
5,1,22.814421768707483
6,1,26.40331065759637
7,1,29.883560090702947
8,1,33.48707482993197
9,1,37.04097505668934
10,1,40.60993197278911
11,1,44.224013605442174
12,1,47.83174603174603
13,1,51.374149659863946
14,1,54.960362811791384
15,1,58.61918367346939
16,1,62.13079365079365
17,1,65.65213151927438
