bar,beat,onset
1,1,2.814761904761905
2,1,6.543424036281179
3,1,10.217392290249434
4,1,13.975510204081633
5,1,17.624467120181407
