bar,beat,onset
1,1,0.4448979591836735
2,1,4.255056689342403
3,1,7.9576870748299315
4,1,11.671156462585033
5,1,15.339886621315193
6,1,19.0381179138322
7,1,22.713378684807257
8,1,26.48081632653061
9,1,30.114943310657598
10,1,33.892426303854876
11,1,37.65696145124716
12,1,41.43451247165533
13,1,45.13278911564626
