bar,beat,onset
-7,1,2.5595464852607708
-6,1,4.163174603174603
-5,1,5.778866213151927
-4,1,7.351020408163265
-3,1,8.948390022675737
-2,1,10.518639455782314
-1,1,12.064784580498866
0,1,13.668458049886622
1,1,15.263242630385488
2,1,16.81705215419501
3,1,18.42503401360544
4,1,20.03721088435374
5,1,21.65154195011338
6,1,23.234467120181407
7,1,24.758185941043084
8,1,26.38027210884354
9,1,27.96625850340136
10,1,29.561904761904763
11,1,31.147256235827665
12,1,32.702403628117914
13,1,34.28040816326531
